{
    "N": 20,
    "q": 1,
    "B": 10,
    "P": 100,
    "tickers": [
        "A",
        "AAL",
        "AAP",
        "AAPL",
        "ABBV",
        "ABC",
        "ABMD",
        "ABT",
        "ACN",
        "ADBE",
        "ADI",
        "ADM",
        "ADP",
        "ADSK",
        "AEE",
        "AEP",
        "AES",
        "AFL",
        "AIG",
        "AIZ"
    ],
    "mu": {
        "A": 0.05080475026742121,
        "AAL": 0.04432799177733259,
        "AAP": 0.053801582630435364,
        "AAPL": 0.06640854104549193,
        "ABBV": 0.035043925642924655,
        "ABC": 0.017249110415775138,
        "ABMD": 0.07874182246192317,
        "ABT": 0.04095375803347598,
        "ACN": 0.04134077648662026,
        "ADBE": 0.037651805440127833,
        "ADI": 0.055389538474728356,
        "ADM": 0.04307393045454661,
        "ADP": 0.022046240499894832,
        "ADSK": 0.06124214505731488,
        "AEE": 0.002883272251791071,
        "AEP": 0.0035269164806780904,
        "AES": 0.06835798174405171,
        "AFL": 0.03441540652186106,
        "AIG": 0.05575424814563496,
        "AIZ": 0.016898369447899603
    },
    "sigma": {
        "A": {
            "A": 0.003044844233826917,
            "AAL": -0.0011143873505907135,
            "AAP": 0.00244319801744072,
            "AAPL": 0.0018984085557757692,
            "ABBV": 0.003832389735146729,
            "ABC": 0.0008900116664357824,
            "ABMD": 0.003120890108342633,
            "ABT": 0.0012143923763254104,
            "ACN": 0.0029085941422682545,
            "ADBE": 0.001887929706132626,
            "ADI": 0.0012031078546615379,
            "ADM": 0.001298636976450135,
            "ADP": 0.0003283991057329046,
            "ADSK": 0.0027092974273149693,
            "AEE": 0.0009470392493357567,
            "AEP": 0.00010644499150698157,
            "AES": -0.0015396001313487005,
            "AFL": 0.0025369126960840464,
            "AIG": 0.003583150048608475,
            "AIZ": -0.00036362633061232726
        },
        "AAL": {
            "A": -0.0011143873505907135,
            "AAL": 0.018551003859362127,
            "AAP": -0.0033099492347242626,
            "AAPL": 0.004414636179934294,
            "ABBV": 0.004962988509359947,
            "ABC": 0.0012276171436695709,
            "ABMD": -0.0016077154021677906,
            "ABT": -0.0011713153083332177,
            "ACN": 0.002853338692682187,
            "ADBE": 0.004348938832955488,
            "ADI": 0.004759411319826877,
            "ADM": -0.0004603200212464615,
            "ADP": 0.0022871371946505278,
            "ADSK": 0.004227103231318545,
            "AEE": -0.0056984435584166845,
            "AEP": -0.0071692250257989745,
            "AES": 0.005930591707985097,
            "AFL": 0.006652186019314359,
            "AIG": -0.0016445974197491075,
            "AIZ": 0.0023798474209378037
        },
        "AAP": {
            "A": 0.00244319801744072,
            "AAL": -0.0033099492347242626,
            "AAP": 0.009781261416119166,
            "AAPL": 0.004350037880632937,
            "ABBV": 0.003311210204176595,
            "ABC": -0.0002466992485123137,
            "ABMD": 0.008255749052065657,
            "ABT": 0.0032380056985953803,
            "ACN": 0.004859470821149192,
            "ADBE": 0.004855996136186972,
            "ADI": 0.004299008673082132,
            "ADM": 0.0018029716836924544,
            "ADP": 0.0009528207365938571,
            "ADSK": 0.005878533679083783,
            "AEE": 0.0013418965564774455,
            "AEP": 0.0007815135391900256,
            "AES": -0.002051441210311624,
            "AFL": 0.0009229479906627949,
            "AIG": 0.0017750670413709307,
            "AIZ": -0.0009358529193576165
        },
        "AAPL": {
            "A": 0.0018984085557757692,
            "AAL": 0.004414636179934294,
            "AAP": 0.004350037880632937,
            "AAPL": 0.0100265476987066,
            "ABBV": 0.003618147743545932,
            "ABC": -0.00035025916851210635,
            "ABMD": 0.009442285765675932,
            "ABT": 0.003002801070257031,
            "ACN": 0.00507941395625453,
            "ADBE": 0.006508937467514212,
            "ADI": 0.001913084327968426,
            "ADM": 0.0007170484303761599,
            "ADP": -0.0007184452869171718,
            "ADSK": 0.004688030577699787,
            "AEE": 0.0007201734359240068,
            "AEP": -0.002274153841000936,
            "AES": 0.0019348148720040505,
            "AFL": 0.0016645241443693454,
            "AIG": -0.001312269956277502,
            "AIZ": 0.0030995026186489507
        },
        "ABBV": {
            "A": 0.003832389735146729,
            "AAL": 0.004962988509359947,
            "AAP": 0.003311210204176595,
            "AAPL": 0.003618147743545932,
            "ABBV": 0.008239481670845221,
            "ABC": 0.001860103829702031,
            "ABMD": 0.0039903716172014665,
            "ABT": 0.0002513132641737018,
            "ACN": 0.005632626755970937,
            "ADBE": 0.004364458908122534,
            "ADI": 0.004814388640561167,
            "ADM": 0.0014355355976366155,
            "ADP": 0.0025366808951075375,
            "ADSK": 0.007122017846579392,
            "AEE": -0.0011518794623250742,
            "AEP": -0.0020730595382712,
            "AES": -0.00067774106775413,
            "AFL": 0.005926707485089178,
            "AIG": 0.006048321284703767,
            "AIZ": -0.00023033881268758895
        },
        "ABC": {
            "A": 0.0008900116664357824,
            "AAL": 0.0012276171436695709,
            "AAP": -0.0002466992485123137,
            "AAPL": -0.00035025916851210635,
            "ABBV": 0.001860103829702031,
            "ABC": 0.0016196069167333696,
            "ABMD": 0.0003658144816290348,
            "ABT": 7.184500039452721e-05,
            "ACN": 0.0004921722705503815,
            "ADBE": 9.337523410838382e-05,
            "ADI": 0.0008837926246543493,
            "ADM": 7.6826087515754e-05,
            "ADP": -0.00013415031141285596,
            "ADSK": 0.0008548194507017061,
            "AEE": -0.0009521229314452882,
            "AEP": -0.0005536624207044173,
            "AES": -0.0011742597179281928,
            "AFL": 0.0013524471508471073,
            "AIG": 0.0020334963666059774,
            "AIZ": -0.000956608298530256
        },
        "ABMD": {
            "A": 0.003120890108342633,
            "AAL": -0.0016077154021677906,
            "AAP": 0.008255749052065657,
            "AAPL": 0.009442285765675932,
            "ABBV": 0.0039903716172014665,
            "ABC": 0.0003658144816290348,
            "ABMD": 0.01747758845376959,
            "ABT": 0.005493318262748567,
            "ACN": 0.005328807037521274,
            "ADBE": 0.004540230413713981,
            "ADI": 0.0033175193458416783,
            "ADM": 0.00046840004809452955,
            "ADP": -0.002532175854937292,
            "ADSK": 0.005467020714690643,
            "AEE": 0.001965448281859694,
            "AEP": 0.0005466247359495733,
            "AES": -0.0032616071699010556,
            "AFL": 0.0019881760053785816,
            "AIG": 0.00066349309840253,
            "AIZ": 0.0015845346634000984
        },
        "ABT": {
            "A": 0.0012143923763254104,
            "AAL": -0.0011713153083332177,
            "AAP": 0.0032380056985953803,
            "AAPL": 0.003002801070257031,
            "ABBV": 0.0002513132641737018,
            "ABC": 7.184500039452721e-05,
            "ABMD": 0.005493318262748567,
            "ABT": 0.004425687567409824,
            "ACN": 0.0012406856240919288,
            "ADBE": 0.0011041630123875966,
            "ADI": 0.0008812732983002582,
            "ADM": 0.000399246436375289,
            "ADP": -0.0010638379953144266,
            "ADSK": 0.00012547493187943528,
            "AEE": 0.0005894965507382959,
            "AEP": -7.383582187666487e-05,
            "AES": -0.001446809183314815,
            "AFL": 0.0011287664424118522,