0,1,2,3,4,5,6,7,chain_break_fraction,energy,num_occurrences
1,1,0,1,0,1,1,0,0.25,-0.7691573995167189,1
1,1,1,1,0,0,1,0,0.375,-0.7642201605060492,61
1,1,1,1,0,0,1,0,0.25,-0.7642201605060492,1
0,1,1,1,0,1,1,0,0.25,-0.7560323953993822,1
1,1,1,1,0,1,1,0,0.5,-0.5694895127506692,919
1,1,1,1,0,1,1,0,0.375,-0.5694895127506692,5
1,1,1,1,0,1,1,0,0.375,-0.5694895127506692,8
1,0,1,1,1,1,0,1,0.5,-0.44927104551569874,4
