{
    "N": 20,
    "q": 1,
    "B": 10,
    "P": 100,
    "tickers": [
        "A",
        "AAL",
        "AAP",
        "AAPL",
        "ABBV",
        "ABC",
        "ABMD",
        "ABT",
        "ACN",
        "ADBE",
        "ADI",
        "ADM",
        "ADP",
        "ADSK",
        "AEE",
        "AEP",
        "AES",
        "AFL",
        "AIG",
        "AIZ"
    ],
    "mu": {
        "A": 0.04919437256125079,
        "AAL": 0.0526041226528411,
        "AAP": 0.054479186033120484,
        "AAPL": 0.06434335923846264,
        "ABBV": 0.03599700948339685,
        "ABC": 0.01652681944156086,
        "ABMD": 0.07699567301345857,
        "ABT": 0.03992174251707056,
        "ACN": 0.040322886308796185,
        "ADBE": 0.03608895699477319,
        "ADI": 0.05503574339091402,
        "ADM": 0.04427420800012461,
        "ADP": 0.02150620735719001,
        "ADSK": 0.060226810092595694,
        "AEE": 0.0008239903836207615,
        "AEP": 0.000772244881215689,
        "AES": 0.06531198681756935,
        "AFL": 0.0360938687283117,
        "AIG": 0.0573576559605471,
        "AIZ": 0.01788516892944324
    },
    "sigma": {
        "A": {
            "A": 0.003174683513003251,
            "AAL": -0.0013409735299333557,
            "AAP": 0.0023491949282553933,
            "AAPL": 0.0021842900699640287,
            "ABBV": 0.003733584798773341,
            "ABC": 0.0009969968871996766,
            "ABMD": 0.003597244358324952,
            "ABT": 0.0012393442347047856,
            "ACN": 0.0029333583412517114,
            "ADBE": 0.0019122050540559873,
            "ADI": 0.0015097854159310412,
            "ADM": 0.0012413074806906536,
            "ADP": 0.0002621368931894943,
            "ADSK": 0.0029401830385665283,
            "AEE": 0.0009526023476132062,
            "AEP": 0.00020992684954226532,
            "AES": -0.0011610989405383659,
            "AFL": 0.002538117417777033,
            "AIG": 0.00355983696170607,
            "AIZ": -0.0003270629162205562
        },
        "AAL": {
            "A": -0.0013409735299333557,
            "AAL": 0.01888213820390469,
            "AAP": -0.003155716081705305,
            "AAPL": 0.003635707562777463,
            "ABBV": 0.00490549993708534,
            "ABC": 0.0011223842927259615,
            "ABMD": -0.00269564766776355,
            "ABT": -0.001551767439231339,
            "ACN": 0.0027440255418747462,
            "ADBE": 0.004207617240168365,
            "ADI": 0.004723658706175951,
            "ADM": -0.0001506278074459091,
            "ADP": 0.002237172986842063,
            "ADSK": 0.004101282581725816,
            "AEE": -0.005800027482148545,
            "AEP": -0.0073808183819315774,
            "AES": 0.005974742549277746,
            "AFL": 0.006741419943759147,
            "AIG": -0.0013962417534567177,
            "AIZ": 0.0018078608912032647
        },
        "AAP": {
            "A": 0.0023491949282553933,
            "AAL": -0.003155716081705305,
            "AAP": 0.009474886663414936,
            "AAPL": 0.004435130732395157,
            "ABBV": 0.003078860228813622,
            "ABC": -0.00016150466265534756,
            "ABMD": 0.008675164559883656,
            "ABT": 0.0030271706962505976,
            "ACN": 0.00466096609493093,
            "ADBE": 0.0046213950074739845,
            "ADI": 0.004631986461542638,
            "ADM": 0.0016783249882067598,
            "ADP": 0.0006984203993623209,
            "ADSK": 0.0059882926344004914,
            "AEE": 0.0011549649166300892,
            "AEP": 0.0007426552072158889,
            "AES": -0.0018683240284326854,
            "AFL": 0.0009753412379398995,
            "AIG": 0.0016726280867163672,
            "AIZ": -0.0008622631928657464
        },
        "AAPL": {
            "A": 0.0021842900699640287,
            "AAL": 0.003635707562777463,
            "AAP": 0.004435130732395157,
            "AAPL": 0.01036602511566258,
            "ABBV": 0.0036275915888866277,
            "ABC": -0.00026086977780547183,
            "ABMD": 0.009724896269496387,
            "ABT": 0.003227432667221707,
            "ACN": 0.005298676586181091,
            "ADBE": 0.006781387905266045,
            "ADI": 0.002020549509782527,
            "ADM": 0.0006869241274700139,
            "ADP": -0.0005803865929164848,
            "ADSK": 0.0049069089776351636,
            "AEE": 0.0009653526017621836,
            "AEP": -0.0019955107349098017,
            "AES": 0.0023676678684515125,
            "AFL": 0.0015421023533634787,
            "AIG": -0.0013440532886799716,
            "AIZ": 0.0030252245291879
        },
        "ABBV": {
            "A": 0.003733584798773341,
            "AAL": 0.00490549993708534,
            "AAP": 0.003078860228813622,
            "AAPL": 0.0036275915888866277,
            "ABBV": 0.008090704546818293,
            "ABC": 0.0018845254770244496,
            "ABMD": 0.004150024083477083,
            "ABT": 0.0001373173782296642,
            "ACN": 0.005494883822696073,
            "ADBE": 0.004222647147898695,
            "ADI": 0.004856137353753583,
            "ADM": 0.0012878141616824758,
            "ADP": 0.002402114844219941,
            "ADSK": 0.007074753976461715,
            "AEE": -0.0012200847289012883,
            "AEP": -0.002054793899112483,
            "AES": -0.0007258969019272229,
            "AFL": 0.0058895564963537955,
            "AIG": 0.005881056690065358,
            "AIZ": -0.00016781105855914874
        },
        "ABC": {
            "A": 0.0009969968871996766,
            "AAL": 0.0011223842927259615,
            "AAP": -0.00016150466265534756,
            "AAPL": -0.00026086977780547183,
            "ABBV": 0.0018845254770244496,
            "ABC": 0.0016529930265157722,
            "ABMD": 0.00044057914046537926,
            "ABT": 0.00012679156265733098,
            "ACN": 0.0005758489197009294,
            "ADBE": 0.00018060307440605927,
            "ADI": 0.000999236535296104,
            "ADM": 0.0001398496810198822,
            "ADP": -9.242882332165192e-05,
            "ADSK": 0.0009820952778817533,
            "AEE": -0.0009063900606175121,
            "AEP": -0.0005117473994541504,
            "AES": -0.0009568783269735779,
            "AFL": 0.0013669766602512905,
            "AIG": 0.002115694829601326,
            "AIZ": -0.0010142201129008837
        },
        "ABMD": {
            "A": 0.003597244358324952,
            "AAL": -0.00269564766776355,
            "AAP": 0.008675164559883656,
            "AAPL": 0.009724896269496387,
            "ABBV": 0.004150024083477083,
            "ABC": 0.00044057914046537926,
            "ABMD": 0.017405438321715188,
            "ABT": 0.005861556839954406,
            "ACN": 0.005784368630292453,
            "ADBE": 0.0050780792703878155,
            "ADI": 0.0033874343273442766,
            "ADM": 0.0006541870352270432,
            "ADP": -0.0021796270778115215,
            "ADSK": 0.005793432745776506,
            "AEE": 0.0024028465143491958,
            "AEP": 0.0009086306890069571,
            "AES": -0.0025654643374802277,
            "AFL": 0.0018472497889508472,
            "AIG": 0.0008422862316146371,
            "AIZ": 0.0012418150884028133
        },
        "ABT": {
            "A": 0.0012393442347047856,
            "AAL": -0.001551767439231339,
            "AAP": 0.0030271706962505976,
            "AAPL": 0.003227432667221707,
            "ABBV": 0.0001373173782296642,
            "ABC": 0.00012679156265733098,
            "ABMD": 0.005861556839954406,
            "ABT": 0.004465264891489295,
            "ACN": 0.0012021900792865022,
            "ADBE": 0.0010891218042716354,
            "ADI": 0.0008992397127501322,
            "ADM": 0.00019043507922463526,
            "ADP": -0.0011207986853517015,
            "ADSK": 0.0001325187262329202,
            "AEE": 0.0006361402926392805,
            "AEP": 7.21186310229716e-05,
            "AES": -0.0014228996699957904,
            "AFL": 0.0010239966169848793,